"_id","_labels","abbreviation","availability","capability","characteristic","comparison","description","division","examples","focus","function","id","interpretation","mentalStates","number","open-source","publication","purportedNecessaryConditions","purpose","quantity","tomAccuracy","tomAccuracyIn-context","tomAccuracyZero-shot","year","_start","_end","_type"
"0",":Concept","","","","","","","","","","","Urbanization","","","","","","","","","","","","",,,
"1",":Concept","","","","","","","","","","","Signal Control Problem","","","","","","","","","","","","",,,
"2",":Document","","","","","","","","","","","Paper","","","","","","","","","","","","",,,
"3",":Concept","","","","","","","","","","","Methods","","","","","","","","","","","","",,,
"4",":Concept","","","","","","","","","","","Agents","","","","","","","","","","","","",,,
"5",":Concept","","","","","","","","","","","Average Travel Time","","","","","","","","","","","","",,,
"6",":Concept","","","","","","","","","","","Datasets","","","2","","","","","","","","","",,,
"7",":Concept","","","","","","","","","","","Results","","","","","","","","","","","","",,,
"8",":Concept","","","","","","","","","","","Large Language Model","","","","","","","","","","","","",,,
"9",":Concept","","","","","","","","","","","Metrics","","","","","","","","","","","","",,,
"10",":Concept","","","","","","","","","","","Experiments","","","","","","","","","","","","",,,
"11",":Concept","","","","","","","","","","","Human Interactions","","","","","","","","","","","","",,,
"12",":Concept","","","","","","","","","","","Theory Of Mind","","","","","","","","","","","","",,,
"13",":Concept","","","","","","","","","","","Large Language Models","","","","","","","","","","","","",,,
"14",":Concept","","","","","","","","","","","Simulation Theory","","","","","","","","","","","","",,,
"15",":Concept","","","","","","","","","","","Simtom","","","","","","","","","","","","",,,
"16",":Concept","","","","","","","","","","","Chain-Of-Thought","","","","","","","","","","","","",,,
"17",":Software","","","","","","","","","","","Beliefnest","","","","true","","","","","","","","",,,
"18",":Concept","","","","","","","","","","","Embodied Agents","","","","","","","","","","","","",,,
"19",":Environment","","","","","","","","","","","Minecraft Environment","","","","","","","","","","","","",,,
"20",":Task","","","","","","","","","","","False-Belief Tasks","","","","","","","","","","","","",,,
"21",":Concept","","","","","","","","","","","Timetom","","","","","","","improve Theory of Mind capabilities of Large Language Models","","","","","",,,
"22",":Concept","","","","","","","self-world beliefs and social world beliefs","","","","Temporal Belief State Chain","","","","","","","","","","","","",,,
"23",":Concept","","","","","","","","","","transform a character's higher-order beliefs into another character's first-order beliefs","Tool-Belief Solver","","","","","","","","","","","","",,,
"24",":Concept","","","","","","","","","","","Emotional Support Systems","","","","","","","","","","","","",,,
"25",":Person","","","","","","","","","","","Users","","","","","","","","","","","","",,,
"26",":Concept","Mind2","","","","","","","","","","Mind-To-Mind","","","","","","","","","","","","",,,
"27",":Concept","","","","","","","","","","","Cognitive Models","","","","","","","","","","","","",,,
"28",":Concept","","","","","","","","","","","Theory-Of-Mind","","","","","","","","","","","","",,,
"29",":Concept","","","","","","","","","","","Physiological Expected Utility","","","","","","","","","","","","",,,
"30",":Concept","","","","","","","","","","","Cognitive Rationality","","","","","","","","","","","","",,,
"31",":Concept","","","","","","","","","","","State-Of-The-Art Es Systems","","","","","","","","","","","","",,,
"32",":Concept","","","","","","","","","","","Cognitive Model Of Epistemic Language Interpretation","","","","","","","","","","","","",,,
"33",":Concept","","","","","","","","","","","Bayesian Inferences","","","","","","","","","","","","",,,
"34",":Concept","","","","","","","","","","","Language-Augmented Bayesian Theory-Of-Mind (Labtom)","","","","","","","","","","","","",,,
"35",":Concept","","","","","","","","","","","Natural Language","","","","","","","","","","","","",,,
"36",":Concept","","","","","","","","","","","Epistemic Language-Of-Thought","","","","","","","","","","","","",,,
"37",":Concept","","","","","","","","","","","Grammar-Constrained Llm Decoding","","","","","","","","","","","","",,,
"38",":Concept","","","","","","","","","","","Generative Model Of Rational Action And Perception","","","","","","","","","","","","",,,
"39",":Concept","","","","","","","","","","","Graded Plausibility Judgments Of Epistemic Claims","","","","","","","","","","","","",,,
"40",":Event","","","","","","","","","","","Experiment","","","","","","","","","","","","",,,
"41",":Person","","","","","","","","","","","Participants","","","","","","","","","","","","",,,
"42",":Person","","","","","","","","","","","Agent","","","","","","","","","","","","",,,
"43",":Object","","","","","","","","","","","Maze","","","","","","","","","","","","",,,
"44",":Object","","","","","","","","","","","Keys","","","","","","","","","","","","",,,
"45",":Object","","","","","","","","","","","Boxes","","","","","","","","","","","","",,,
"46",":Concept","","","","","","","","","","","Goal","","","","","","","","","","","","",,,
"47",":Concept","","","","","","","","","","","Sentences About The Agent'S Beliefs","","","","","","","","","","","","",,,
"48",":Concept","","","","","","","","","","","Multimodal Llms (Gpt-4O, Gemini Pro)","","","","","","","","","","","","",,,
"49",":Concept","","","","","","","","","","","Ablated Models","","","","","","","","","","","","",,,
"50",":Concept","","","","","","","","","","","Human Judgments","","","","","","","","","","","","",,,
"51",":Concept","","","","","","","","","","","Modal Language","","","","","","","","","","","","",,,
"52",":Concept","","","","","","","","","","","Uncertainty Expressions","","","","","","","","","","","","",,,
"53",":Concept","","","","","","","","","","","Knowledge Claims","","","","","","","","","","","","",,,
"54",":Concept","","","","","","","","","","","Likelihood Comparisons","","","","","","","","","","","","",,,
"55",":Concept","","","","","","","","","","","Attributions Of False Belief","","","","","","","","","","","","",,,
"56",":Entity","","","","","","","","","","","Humans","","","","","","","","","","","","",,,
"57",":Concept","","","","","","","","","","","Daily Conversations","","","","","","","","","","","","",,,
"58",":Entity","","","","","","","","","","","Large Generative Language Models","","","","","","","","","","","","",,,
"59",":Concept","","","","","","","","","","","Minddial","","","","","","","","","","","","",,,
"60",":Concept","","","","","","","","","","","Mind Module","","","","","","","","","","","","",,,
"61",":Concept","","","","","","","","","","","Prompting And Fine-Tuning-Based Models","","","","","","","","","","","","",,,
"62",":Event","","","","","","","","","","","Experiments","","","","","","","","","","","","",,,
"63",":Event","","","","","","","","","","","Ablation Study","","","","","","","","","","","","",,,
"64",":Concept","","","","","","","","","","","Mind Modeling","","","","","","","","","","","","",,,
"65",":Concept","","","","","","","","","","","Three-Level Belief Design","","","","","","","","","","","","",,,
"66",":Concept","","","","","","","","","","","Llms","","","","","","","","","","","","",,,
"67",":Concept","","","","","","","","","","","Natural Language Reasoning","","","","","","","","","","","","",,,
"68",":Concept","","","","","","","","","","","Human Performance","","","","","","","","","","","","",,,
"69",":Concept","","","","","","","","","","","Classification Tasks","","","","","","","","","","","","",,,
"70",":Concept","","","","","","","","","","","Social-Cognitive Reasoning","","","","","","","","","","","","",,,
"71",":Concept","","","","","","","","","","","Prompting","","","","","","","","","","","","",,,
"72",":Concept","","","","","","","","","","","Specific Llms","","","","","","","","","","","","",,,
"73",":Concept","","","","","","","","","","","Role-Playing Prompting","","","","","","","","","","","","",,,
"74",":Concept","","","","","","","","","","","Theory-Of-Mind (Tom) Reasoning","","","","","","","","","","","","",,,
"75",":Concept","","","","","","","","","","","Psychological Theory","","","","","","","","","","","","",,,
"76",":Concept","","","","","","","","","","","Reasoning Tasks","","","","","","","","","","","","",,,
"77",":Concept","","","","","","","","","","","Socially-Motivated Prompting","","","","","","","","","","","","",,,
"78",":Concept","","","","","","","","","","","Prompt Engineering","","","","","","","","","","","","",,,
"79",":Concept","","","","","","","","","","","Role-Play","","","","","","","","","","","","",,,
"80",":Concept","","","","","","","","","","","Personas","","","","","","","","","","","","",,,
"81",":Concept","","","","","","","","","","","Errors","","","","","","","","","","","","",,,
"82",":Concept","","","","","","","","","","","Differences","","","","","","","","","","","","",,,
"83",":Concept","","","","","","","","","","","Research","","","","","","","","","","","","",,,
"84",":Concept","","","","","","","","","","","Performance Differences","","","","","","","","","","","","",,,
"85",":Concept","","","","","","","","","","","Models","","","","","","","","","","","","",,,
"86",":Person","","","","","","","","","","","Computer Scientists","","","","","","","","","","","","",,,
"87",":Concept","","","","","","","","","","","Belief","","","","","","","","","","","","",,,
"88",":Concept","","","","","","","","","","","Decision Theory","","","","","","","","","","","","",,,
"89",":Concept","","","","","","","","","","","Formal Epistemology","","","","","","","","","","","","",,,
"90",":Concept","","","","","","","","","","","Philosophy","","","","","","","","","","","","",,,
"91",":Concept","","","","","","","","","","","Machine Learning","","","","","","","","","","","","",,,
"92",":Concept","","","","","","","","","","","Accuracy","","","","","","","","","","","","",,,
"93",":Concept","","","","","","","","","","","Coherence","","","","","","","","","","","","",,,
"94",":Concept","","","","","","","","","","","Uniformity","","","","","","","","","","","","",,,
"95",":Concept","","","","","","","","","","","Use","","","","","","","","","","","","",,,
"96",":Entity","","","","","","","","","","","Ai Systems","","","","","","","","","","","","",,,
"97",":Entity","","","","","","","","","","","Nlp Systems","","","","","","","","","","","","",,,
"98",":Concept","","","","","","","","","","","Coke","","","","","","","","","","","","",,,
"99",":Concept","","","","","","","","","","","Colm","","","","","","","","","","","","",,,
"100",":Concept","","","","","","","","","","","Cognitive Chains","","","","","","","","45000+","","","","",,,
"101",":Concept","","","","","","","","","","","Instruction-Tuned Llms","","","","","","","","","","","","",,,
"102",":Concept","","","","","","","","","","","Base-Llms","","","","","","","","","","","","",,,
"103",":Concept","","","","","","","","","","","Gpt Family","","","","","","","","","","","","",,,
"104",":Person","","","","","","","","","","","Children Aged 7-10","","","","","","","","","","","","",,,
"105",":Concept","","","","","","","","","","","Human Social Interaction","","","","","","","","","","","","",,,
"106",":Concept","","","","","","","","","","","Human Sensory System","","","","","","","","","","","","",,,
"107",":Field","","","","","","","","","","","Psychology","","","","","","","","","","","","",,,
"108",":Field","","","","","","","","","","","Machine Learning","","","","","","","","","","","","",,,
"109",":Field","","","","","","","","","","","Robotics","","","","","","","","","","","","",,,
"110",":Model","","","","","","","","","","","Feed-Forward Deep Learning Model","","","","","","","","","","","","",,,
"111",":Technology","","","","","","","","","","","Social Robots","","","","","","","","","","","","",,,
"112",":Concept","","","","","","","","","","","Human Cognition","","","","","","","","","","","","",,,
"113",":Concept","","","","","","","","","","","Individuals","","","","","","","","","","","","",,,
"114",":Concept","","","","","","","","","","","Beliefs","","","","","","","","","","","","",,,
"115",":Concept","","","","","","","","","","","Intentions","","","","","","","","","","","","",,,
"116",":Person","","","","","","","","","","","Engineers","","","","","","","","","","","","",,,
"117",":Concept","","","","","","","","","","","Artificial Intelligence","","","","","","","","","","","","",,,
"118",":Concept","","","","","","","","","","","Model","","","","","","","","","","","","",,,
"119",":Concept","","","","","","","","","","","Traditional Tom Tests","","","","","","","","","","","","",,,
"120",":Concept","","","","","","","","","","","3-Year-Old Children","","","","","","","","","","","","",,,
"121",":Concept","","","","","","","","","","","Ai Systems","","","","","","","","","","","","",,,
"122",":Concept","","","","","","","","","","","Guilford'S Structure Of Intellect","","","","","","","","","","","","",,,
"123",":Concept","","","","","","","","","","","Cognitive Prompt Engineering","","","","","","","","","","","","",,,
"124",":Concept","","","","","","","","","","","Cognitive Operations","","","","","","","","","","","","",,,
"125",":Concept","","","","","","","","","","","Pattern Recognition","","","","","","","","","","","","",,,
"126",":Concept","","","","","","","","","","","Memory Retrieval","","","","","","","","","","","","",,,
"127",":Concept","","","","","","","","","","","Evaluation","","","","","","","","","","","","",,,
"128",":Document","","","","","","","","","","","Position Paper","","","","","","","","","","","","",,,
"129",":Concept","","","","","","","","","","","Novel Cognitive Prompting Approach","","","","","","","","","","","","",,,
"130",":Technology","","","","","","","","","","","Large Language Models","","","","","","","","","","","","2023",,,
"131",":Concept","","","","","","","","","","","Complex Reasoning","","","","","","","","","","","","",,,
"132",":Concept","","","","","","","","","","","Theory-Of-Mind Tasks","","","","","","","","","","","","",,,
"133",":Technology","","","","","","","","","","","Gpt-4","","","","","","","","","","100%","80%","",,,
"134",":Technology","","","","","","","","","","","Gpt-3.5 Variants","","","","","","","","","","","","",,,
"135",":Technology","","","","","","","","","","","Davinci-2","","","","","","","","","","","","",,,
"136",":Technology","","","","","","","","","","","Davinci-3","","","","","","","","","","","","",,,
"137",":Technology","","","","","","","","","","","Gpt-3.5-Turbo","","","","","","","","","","","","",,,
"138",":Methodology","","","","","","","","","","","Reinforcement Learning From Human Feedback","","","","","","","","","","","","",,,
"139",":Person","","","","","","","","","","","Human","","","","","","","","","87%","","","",,,
"140",":Concept","","","","","","","","","","","Mental States","","","","","","","","","","","","",,,
"141",":Concept","","","","","","","","","","","Desires","","","","","","","","","","","","",,,
"142",":Concept","","","","","","","","","","","Behavior","","","","","","","","","","","","",,,
"143",":Concept","","","","","","","","","","","Interpersonal Communication","","","","","","","","","","","","",,,
"144",":Concept","","","","","","","","","","","Team Collaboration","","","","","","","","","","","","",,,
"145",":Concept","","","","","","","","","","","Trust-Aware Robot Policy","","","","","","","","","","","","",,,
"146",":Concept","","","","","","","","","","","Multiagent Setting","","","","","","","","","","","","",,,
"147",":Entity","","","","","","","","","","","Human","","","","","","","","","","","","",,,
"148",":Entity","","","","","","","","","","","Robot","","","","","","","","","","","","",,,
"149",":Entity","","","","","","","","","","","Human Opponent","","","","","","","","","","","","",,,
"150",":Concept","","","","","","","","","","","Team Performance","","","","","","","","","","","","",,,
"151",":Concept","","","","","","","","","","","Reverse Psychology","","","","","","","","","","","","",,,
"152",":Concept","","","","","","","","","","","Trust Maintenance","","","","","","","","","","","","",,,
"153",":Concept","","","","","","","","","","","Trust","","","","","","","","","","","","",,,
"154",":Concept","","","","","","","","","","","Deceptive Behavior","","","","","","","","","","","","",,,
"155",":Concept","","","","","","","","","","","Robot Theory Of Mind Model","","","","","","","","","","","","",,,
"156",":Concept","","","","","","","","","","","Trust Beliefs","","","","","","","","","","","","",,,
"157",":Concept","","","","","","","","","","","True Belief","","","","","","","","","","","","",,,
"158",":Concept","","","","","","","","","","","False Belief","","","","","","","","","","","","",,,
"159",":Concept","","","","","","","","","","","Dynamic Trust-Aware Reward Function","","","","","","","","","","","","",,,
"160",":Concept","","","","","","","","","","","Robot Policy Learning","","","","","","","","","","","","",,,
"161",":Concept","","","","","","","","","","","Human-Robot Trust","","","","","","","","","","","","",,,
"162",":Concept","","","","","","","","","","","Multiagent Interaction Settings","","","","","","","","","","","","",,,
"163",":Concept","","","","","","","","","","","Robot Tom-Based Robot Policy","","","","","","","","","","","","",,,
"164",":Concept","","","","","","A Theory of Mind (ToM) neural network for predicting beliefs and their dynamics during human social interactions from multimodal input.","","","","","Mtomnet","","","","","","","","","","","","",,,
"165",":Concept","","","","","","Key for effective nonverbal human communication and collaboration.","","","","","Tom","","","","","","","","","","","","",,,
"166",":Concept","","","","","","Separate network for each person encoding contextual and person-specific cues.","","","","","Mindnet","","","","","","","","","","","","",,,
"167",":Concept","","","","","","Prior research inspiration for MToMnet.","","","","","Social Cognition","","","","","","","","","","","","",,,
"168",":Concept","","","","","","Prior research inspiration for MToMnet.","","","","","Computational Tom","","","","","","","","","","","","",,,
"169",":Dataset","","","","","","","","","Belief prediction.","","Belief Prediction Dataset","","","","","","","","","","","","",,,
"170",":Dataset","","","","","","","","","Belief dynamics prediction.","","Belief Dynamics Prediction Dataset","","","","","","","","","","","","",,,
"171",":Concept","","","","","","a plug-and-play approach to reason about the belief states of multiple characters in reading comprehension tasks via explicit symbolic representation","","","","","Symbolictom","","","","","","","","","","","","",,,
"172",":Concept","","","","","","","","","","","Tomi Benchmark","","","","","Le et al., 2019","","","","","","","",,,
"173",":Concept","","","","","","","","","","","Science","","","","","","","","","","","","",,,
"174",":Concept","","","","","","","","","","","Religion","","","","","","","","","","","","",,,
"175",":Concept","","","","","","","","","","","Everyday Life","","","","","","","","","","","","",,,
"176",":Concept","","","","","","","","","","","Causal Cognition","","","","","","","","","","","","",,,
"177",":Concept","","","","","","","","","","","Human Mind","","","","","","","","","","","","",,,
"178",":Concept","","","","","","","","","","","Artificial Mind","","","","","","","","","","","","",,,
"179",":Concept","","","","","","","","","","","Artificial Agents","","","","","","","","","","","","",,,
"180",":Concept","","","","","","","","","","","Malicious Artificial Agents","","","","","","","","","","","","",,,
"181",":Concept","","","","","","","","","","","Benevolent Artificial Agents","","","","","","","","","","","","",,,
"182",":Concept","","","","","","","","","","","Cognitive Biases","","","","","","","","","","","","",,,
"183",":Concept","","","","","","","","","","","Causal Models","","","","","","","","","","","","",,,
"184",":Concept","","","","","","","","","","","Causes","","","","","","","","","","","","",,,
"185",":Concept","","","","","","","","","","","Biased","","","","","","","","","","","","",,,
"186",":Concept","","","","","","","","","","","Subjectivity","","","","","","","","","","","","",,,
"187",":Concept","","","","","","","","","","","Objective","","","","","","","","","","","","",,,
"188",":Concept","","","","","","","","","","","Artificial Causal Beliefs","","","","","","","","","","","","",,,
"189",":Concept","","","","","","","","","","","Cognitive Distortions","","","","","","","","","","","","",,,
"190",":Concept","","","","","","","","","","","Vulnerability","","","","","","","","","","","","",,,
"191",":Concept","","","","","","","","","","","Self-Deception","","","","","","","","","","","","",,,
"192",":Concept","","","","","","","","","","","Ai","","","","","","","","","","","","",,,
"193",":Concept","","","","","","","","","","","Bdiqa","","","","","","","","","","","","",,,
"194",":Concept","","","","","","","","","","","Videoqa","","","","","","","","","","","","",,,
"195",":Concept","","","","","","","","","","","Belief, Desire And Intention Reasoning","","","","","","","","","","","","",,,
"196",":Concept","","","","","","","","","","","Cognitive Reasoning Tasks","","","","","","","","","","","","",,,
"197",":Concept","","","","","","","","","","","Pre-Trained Models","","","","","","","","","","","","",,,
"198",":Concept","","","","","","","","","","","Conscious Mind","","","","","","","","","","","","",,,
"199",":Concept","","","","","","","","","","","Dorsal Medial Prefrontal Cortex Neurons","","","","","","","","","","","","",,,
"200",":Concept","","","","","","","","","","","Hidden Embeddings","","","","","","","","","","","","",,,
"201",":Concept","","","","","","","","","","","Artificial Neurons","","","","","","","","","","","","",,,
"202",":Concept","","","","","","","","","","","Tom Tasks","","","","","","","","","","","","",,,
"203",":Concept","","","","","","","","","","","Model Size","","","","","","","","","","","","",,,
"204",":Concept","","","","","","","","","","","Population Level","","","","","","","","","","","","",,,
"205",":Concept","","","","","","","","","","","Human Brain","","","","","","","","","","","","",,,
"206",":Concept","","","","","","","","","","","Human Tom Capabilities","","","","","","","","","","","","",,,
"207",":Concept","","","","","","","","","","","Embeddings","","","","","","","","","","","","",,,
"208",":Concept","","","","","","","","","","","Cognitive Architectures","","","","","","","","","","","","",,,
"209",":Concept","","","","","","","","","","","Modular Approach","","","","","","","","","","","","",,,
"210",":Concept","","","","","","","","","","","Agency Approach","","","","","","","","","","","","",,,
"211",":Concept","","","","","","","","","","","Neuro-Symbolic Approach","","","","","","","","","","","","",,,
"212",":Concept","","","","","","","","","","","Chain-Of-Thought Prompting","","","","","","","","","","","","",,,
"213",":Concept","","","","","","","","","","","Augmented Llms","","","","","","","","","","","","",,,
"214",":Concept","","","","","","","","","","","Common Model Of Cognition","","","","","","","","","","","","",,,
"215",":Concept","","","","","","","","","","","Simulation Theory Of Cognition","","","","","","","","","","","","",,,
"216",":Concept","","","","","","","","","","","Society Of Mind Theory","","","","","","","","","","","","",,,
"217",":Concept","","","","","","","","","","","Lida Cognitive Architecture","","","","","","","","","","","","",,,
"218",":Concept","","","","","","","","","","","Clarion Cognitive Architecture","","","","","","","","","","","","",,,
"219",":Concept","","","","","","","","","","","Humans","","","","","","","","","","","","",,,
"220",":Concept","","","","","","","","","","","Nonverbal Communication Signals","","","","","","","","","","","","",,,
"221",":Concept","","","","","","","","","","","Social Interactions","","","","","","","","","","","","",,,
"222",":Concept","","","","","","","","","","","Social Cognitive Ability","","","","","","","","","","","","",,,
"223",":Concept","","","","","","","","","","","Human-Robot Interaction","","","","","","","","","","","","",,,
"224",":Concept","","","","","","","","","","","Theory Of Mind (Tom)","","","","","","","","","","","","",,,
"225",":Concept","","","","","","","","","","","Object-Context Relations","","","","","","","","","","","","",,,
"226",":Concept","","","","","","","","","","","Autonomous Systems","","","","","","","","","","","","",,,
"227",":Concept","","","","","","","","","","","Verbal Communication","","","","","","","","","","","","",,,
"228",":Concept","","","","","","","","","","","Multimodal Video Dataset","","","","","","","","","","","","",,,
"229",":Concept","","","","","","","","","","","Artificial Intelligence (Ai) Systems","","","","","","","","","","","","",,,
"230",":Concept","","","","","","","","","","","Human Belief States","","","","","","","","","","","","",,,
"231",":Concept","","","","","","","","","","","Object-Context Scenario","","","","","","","","","","","","",,,
"232",":Concept","","","","","","","","","","","Deep Learning Models","","","","","","","","","","","","",,,
"233",":Concept","","","","","","","","","","","Input Modalities","","","","","","","","","","","","",,,
"234",":Concept","","","","","","","","","","","Baseline Models","","","","","","","","","","","","",,,
"235",":Concept","","","","","","","","","","","Hi-Tom","","","","","","","","","","","","",,,
"236",":Concept","","","","","","","","","","","Nlp","","","","","","","","","","","","",,,
"237",":Concept","","","","","","","","","","","Intelligence","","","","","","","","","","","","",,,
"238",":Concept","","","","","","","","","","","Language Understanding","","","","","","","","","","","","",,,
"239",":Concept","","","","","","","","","","","Cognitive Processes","","","","","","","","","","","","",,,
"240",":Concept","","","","","","","","","","","Higher-Order Theory Of Mind Tasks","","","","","","","","","","","","",,,
"241",":Concept","","","","","","","","","","","Failure Cases","","","","","","","","","","","","",,,
"242",":Concept","","","","","","","","","","","Findings","","","","","","","","","","","","",,,
"243",":Concept","","","","","","","","","","","Social Reasoning","","","","","","","","","","","","",,,
"244",":Concept","","","","","","","","","","","Machine Learning Approaches To Tom","","","","","","","","","","","","",,,
"245",":Agent","","","","","","","","","","","Observer","","","","","","","","","","","","",,,
"246",":Model","","","","","","","","","","","Tommy","","","","","","","","","","","","",,,
"247",":Concept","","","","","","","","","","","Neural Memory Mechanisms","","","","","","","","","","","","",,,
"248",":Concept","","","","","","","","","","","Hierarchical Attention","","","","","","","","","","","","",,,
"249",":Experiment","","","","","","","","","","","New Suite Of Experiments","","","","","","","","","","","","",,,
"250",":Method","","","","","","","","","","","Virtual World Cognitive Science","","","","","","","","","","","","",,,
"251",":Concept","","","","","","","","","","","Philosophical Motivations","","","","","","","","","","","","",,,
"252",":Concept","","","","","","","","","","","Virtual Embodied Agents","","","","","","","","","","","","",,,
"253",":Concept","","","","","","","","","","","Virtual Worlds","","","","","","","","","","","","",,,
"254",":Field","","","","","","","","","","","Cognitive Science","","","","","","","","","","","","",,,
"255",":Concept","","","","","","","","","","","Mental Representation","","","","","","","","","","","","",,,
"256",":Concept","","","","","","","","","","","Linguistic Representation","","","","","","","","","","","","",,,
"257",":Concept","","","","","","","","","","","Computational Modeling","","","","","","","","","","","","",,,
"258",":Concept","","","","","","","","","","","Philosophical Thought Experiments","","","","","","","","","","","","",,,
"259",":Concept","","","","","","","","","","","Terminology","","","","","","","","","","","","",,,
"260",":Concept","","","","","","","","","","","Dynamical Relationships","","","","","","","","","","","","",,,
"261",":Concept","","","","","","","","","","","Entities In Minds","","","","","","","","","","","","",,,
"262",":Concept","","","","","","","","","","","Entities In An Environment","","","","","","","","","","","","",,,
"263",":Concept","","","","","","","","","","","Belief Tokens","","","","","","","","","","","","",,,
"264",":Concept","","","","","","","","","","","Concept Tokens","","","","","","","","","","","","",,,
"265",":Concept","","","","","","","","","","","Individual Cognizers' Minds","","","","","","","","","","","","",,,
"266",":Concept","","","","","","","","","","","Large Pre-Trained Model","","","","","","","","","","","","",,,
"267",":Concept","","","","","","","","","","","Task-Specific Hints","","","","","","","","","","","","",,,
"268",":Concept","","","","","","","","","","","Prompts","","","","","","","","","","","","",,,
"269",":Concept","","","","","","","","","","","Natural Language Processing","","","","","","","","","","","","",,,
"270",":Concept","","","","","","","","","","","Vision-Language Modeling","","","","","","","","","","","","",,,
"271",":Concept","","","","","","","","","","","Multimodal-To-Text Generation Models","","","","","","","","","","","","",,,
"272",":Concept","","","","","","","","","","","Image-Text Matching Models","","","","","","","","","","","","",,,
"273",":Concept","","","","","","","","","","","Text-To-Image Generation Models","","","","","","","","","","","","",,,
"274",":Concept","","","","","","","","","","","Flamingo","","","","","","","","","","","","",,,
"275",":Concept","","","","","","","","","","","Clip","","","","","","","","","","","","",,,
"276",":Concept","","","","","","","","","","","Stable Diffusion","","","","","","","","","","","","",,,
"277",":Concept","","","","","","","","","","","Designing Effective Prompts","","","","","","","","","","","","",,,
"278",":Concept","","","","","","","","","","","Automated Prompt Engineering","","","","","","","","","","","","",,,
"279",":Concept","","","","","","","","","","","Optimal Learning Framework","","","","","","","","","","","","",,,
"280",":Concept","","","","","","","","","","","Feature-Based Method","","","","","","","","","","","","",,,
"281",":Concept","","","","","","","","","","","Bayesian Regression","","","","","","","","","","","","",,,
"282",":Concept","","","","","","","","","","","Knowledge-Gradient (Kg) Policy","","","","","","","","","","","","",,,
"283",":Concept","","","","","","","","","","","Mixed-Integer Second-Order Cone Optimization Problems","","","","","","","","","","","","",,,
"284",":Concept","","","","","","","","","","","Instruction Induction Tasks","","","","","","","","","","","","",,,
"285",":Concept","","","","","","","","","","","Prompt Evaluation","","","","","","","","","","","","",,,
"286",":Concept","","","","","","","","","","","Whole Hog Thesis","","","","","","","","","","","","",,,
"287",":Concept","","","","","","","","","","","Understanding","","","","","","","","","","","","",,,
"288",":Concept","","","","","","","","","","","Knowledge","","","","","","","","","","","","",,,
"289",":Concept","","","","","","","","","","","Holistic Network Assumptions","","","","","","","","","","","","",,,
"290",":Concept","","","","","","","","answering questions, making suggestions","","","Llm Behavior","","","","","","","","","","","","",,,
"291",":Concept","","","","","","","","hallucinations, planning/reasoning errors","","","Llm Failures","","","","","","","","","","","","",,,
"292",":Concept","","","","","","","","","","","Games Of Lacks","","","","","","","","","","","","",,,
"293",":Concept","","","","","","","","","","","Cognition","","","","","","semantic grounding, embodiment, justification, intrinsic intentionality","","","","","","",,,
"294",":Concept","","","","","","","","","","","Human Capacities","","","","","","","","","","","","",,,
"295",":Concept","","","","","","","","","","","Consciousness","","","","","","","","","","","","",,,
"296",":Concept","","","","","","","","","","","Alien Contents","","","","","","","","","","","","",,,
"297",":Concept","","","","","","","","","","","Human Conceptual Schemes","","","","","","","","","","","","",,,
"298",":Concept","","","","","","","","","","","Mental Capacities","","","","","","","","","","","","",,,
"299",":Concept","","","","","","","","","","","Action","","","","","","","","","","","","",,,
"300",":Concept","","","","","","","","","","","Agency","","","","","","","","","","","","",,,
"301",":Concept","","","","","","","","","","","Interaction With Large Language Models","","","","","","","","","","","","",,,
"302",":Concept","","","","","","","","","","","Prompt","","","","","","","","","","","","",,,
"303",":Concept","","","","","","","","","","","Natural Language Instruction","","","","","","","","","","","","",,,
"304",":Person","","","","","","","","","","","Non-Experts","","","","","","","","","","","","",,,
"305",":Task","","","","","","","","","","","Complex Tasks","","","","","","","","","","","","",,,
"306",":Concept","","","","","","","","","","","Prompt Design","","","","","","","","","","","","",,,
"307",":Concept","","","","","","","","","","","Effective Prompts","","","","","","","","","","","","",,,
"308",":Concept","","","","","","","","","","","Skill And Knowledge","","","","","","","","","","","","",,,
"309",":Concept","","","","","","","","","","","Iteration","","","","","","","","","","","","",,,
"310",":Concept","","","","","","","","","","","Model Behavior","","","","","","","","","","","","",,,
"311",":Concept","","","","","","","","","","","Particular Goal","","","","","","","","","","","","",,,
"312",":Concept","","","","","","","","","","","Prompt Editing Behavior","","","","","","","","","","","","",,,
"313",":Concept","","","","","","","","","","","Design Implications","","","","","","","","","","","","",,,
"314",":Concept","","","","","","","","","","","Future Directions","","","","","","","","","","","","",,,
"315",":Concept","","","","","","","","","","","Natural Language Prompts","","","","","","","","","","","","",,,
"316",":Method","","","","","","","","","","","Zero-Shot Prompting","","","","","","","","","","","","",,,
"317",":Method","","","","","","","","","","","Constrained Chain-Of-Tom","","","","","","","","","","","","",,,
"318",":Concept","","","","","","","","","","","Domain Knowledge","","","","","","","","","","","","",,,
"319",":Concept","","","","","","","","","","","Causal Relations","","","","","","","","","","","","",,,
"320",":Concept","","","","","","","","","","","Narratives","","","","","","","","","","","","",,,
"321",":Concept","","","","","","","","","","","Non-Narrative Contexts","","","","","","","","","","","","",,,
"322",":Concept","","","","","","","","","","","Conversations","","","","","","","","","","","","",,,
"323",":Resource","","public","","","","","","","","","Code","","","","","","","","","","","","",,,
"324",":Person","","","","","","","","","","","Humans","","","","","","","","","","","","",,,
"325",":Concept","","","","","","","","","","","Bayesian Theory-Of-Mind","","","","","","","","","","","","",,,
"326",":Concept","","","","","","","","","","","Epistemic Logic","","","","","","","","","","","","",,,
"327",":Concept","","","","","","","","","","","Doors-And-Keys Gridworld Puzzle","","","","","","","","","","","","",,,
"328",":Concept","","","","","","","","","","","Instrumental Reasoning","","","","","","","","","","","","",,,
"329",":Concept","","","","","","","","","","","Non-Mentalizing Baselines","","","","","","","","","","","","",,,
"330",":Concept","","","","","","","","","","","Pure Logical Deduction","","","","","","","","","","","","",,,
"331",":Technology","","","","","","","","","","","Chatgpt","","","","","","","","","","","","",,,
"332",":Technology","","","","","","","","","","","Prompt Engineering","","","","","","","","","","","","",,,
"333",":Organization","","","","","","","","","","","Companies","","","","","","","","","","","","",,,
"334",":Person","","","","","","","","","","","Expert Prompt Engineers","","","","","","","","","","","","",,,
"335",":Resource","","","","","","","","","","","Educational Resources","","","","","","","","","","","","",,,
"336",":Technology","","","","","","","","","","","Prompt Stealing Attacks","","","","","","","","","","","","",,,
"337",":Technology","","","","","","","","","","","Parameter Extractor","","","","","","","","","","","","",,,
"338",":Technology","","","","","","","","","","","Prompt Reconstruction","","","","","","","","","","","","",,,
"339",":Technology","","","","","","","","","","","Direct Prompt","","","","","","","","","","","","",,,
"340",":Technology","","","","","","","","","","","Role-Based Prompt","","","","","","","","","","","","",,,
"341",":Technology","","","","","","","","","","","In-Context Prompt","","","","","","","","","","","","",,,
"342",":Concept","","","","","","","","","","","Confusing Feedback","","","","","","","","","","","","",,,
"343",":Concept","","","","","","","","","","","Erroneous Beliefs","","","","","","","","","","","","",,,
"344",":Person","","","","","","","","","","","Teacher","","","","","","","","","","","","",,,
"345",":Person","","","","","","","","","","","Learner","","","","","","","","","","","","",,,
"346",":Concept","","","","","","","","","","","Cognitive Burden","","","","","","","","","","","","",,,
"347",":Concept","","","","","","","","","","","Learning Objective","","","","","","","","","","","","",,,
"348",":Concept","","","","","","","","","","","Second-Order Theory Of Mind","","","","","","","","","","","","",,,
"349",":Concept","","","","","","","","","","","Perceived Rationality","","","","","","","","","","","","",,,
"350",":Concept","","","","","","","","","","","Teaching Burden","","","","","","","","","","","","",,,
"351",":Entity","","","","","","","","","","","Ai Learner","","","","","","","","","","","","",,,
"352",":Concept","","","","","","","","","","","Teacher Efficacy","","","","","","","","","","","","",,,
"353",":Concept","","","","","","","","","","","Feedback","","","","","","","","","","","","",,,
"354",":Concept","","","","","","","","","","Convey rich social information","Nonverbal Communication","","","","","","","","","","","","",,,
"355",":Concept","","","","Missing crucial social characteristics","","","","","","","Scene Understanding Literature","","","","","","","","","","","","",,,
"356",":Concept","","","","","","","","Gaze, human poses, gestures","","","Nonverbal Communication Cues","","","","","","","","","","","","",,,
"357",":Entity","","","","","","","","","","","Agents","","Inferred from visual inputs","","","","","","","","","","",,,
"358",":Model","","","","","","","","","","Forms during interactions between two agents","Five Minds Model","","","","","","","","","","","","",,,
"359",":Concept","","","","","","","","","","Converged agents' beliefs","Common Mind","","","","","","","","","","","","",,,
"360",":Model","","","","","","","","","","Tracks and predicts all five minds","Hierarchical Energy-Based Model","","","","","","","","","","","","",,,
"361",":Concept","","","","","","","","","","","Social Event","Nonverbal communication and belief dynamics","","","","","","","","","","","",,,
"362",":Concept","","","","","Better on videos with rich social interactions","","","","","","Video Summary","","","","","","","","","","","","",,,
"363",":Person","","","","","","","","","","","Prompt Author","","","","","","","","","","","","",,,
"364",":Concept","","","","","","","","","","","Automatic Prompt Optimization","","","","","","","","","","","","",,,
"365",":Concept","","","","","","","","","","","Annotated Data","","","","","","","","","","","","",,,
"366",":System","","","","","","","","","","","Iprop","","","","","","","","","","","","",,,
"367",":Concept","","","","","","","","","","","Human Intervention","","","","","","","","","","","","",,,
"368",":Concept","","","","","","","","","","","Prompt Variations","","","","","","","","","","","","",,,
"369",":Concept","","","","","","","","","","","Selected Instances","","","","","","","","","","","","",,,
"370",":Concept","","","","","","","","","","","Large Language Model Predictions","","","","","","","","","","","","",,,
"371",":Concept","","","","","","","","","","","Explanations","","","","","","","","","","","","",,,
"372",":Concept","","","","","","","","","","","Performance Metrics","","","","","","","","","","","","",,,
"373",":Concept","","","","","","","","","","","Training Data","","","","","","","","","","","","",,,
"374",":Person","","","","","","","","","","","Non-Technical Domain Experts","","","","","","","","","","","","",,,
"375",":Concept","","","","","","","","","","","Intrinsic Parameters","","","","","","","","","","","","",,,
"376",":Concept","","","","","","","","","","","Task Performance","","","","","","","","","","","","",,,
"377",":Concept","","","","","","","","","","","Effectiveness","","","","","","","","","","","","",,,
"378",":Concept","","","","","","","","","","","Prompt Development Process","","","","","","","","","","","","",,,
"379",":Entity","","","underperform on simple ToM benchmarks","","","","","","","","Large Language Models","","","","","","","","","","","","",,,
"380",":Dataset","","","","","","","","","","","Percept-Tomi","","","","","","","","","","","","",,,
"381",":Dataset","","","","","","","","","","","Percept-Fantom","","","","","","","","","","","","",,,
"382",":Method","","","enhances LLM's performance in false belief scenarios","","","","","","","","Perceptom","","","","","","","","","","","","",,,
"383",":Concept","","","","","","","","","","","Parameter-Efficient Fine-Tuning","","","","","","","","","","","","",,,
"384",":Concept","","","","","","","","","","","Controlled Generation","","","","","","","","","","","","",,,
"385",":Concept","","","","","","","","","","","Controlpe","","","","","","","","","","","","",,,
"386",":Concept","","","","","","","","","","","Lora","","","","","","","","","","","","",,,
"387",":Concept","","","","","","","","","","","Prompt Distillation","","","","","","","","","","","","",,,
"388",":Concept","","","","","","","","","","","Lora Merging Weight","","","","","","","","","","","","",,,
"389",":Concept","","","","","","","","","","","Prompt Control","","","","","","","","","","","","",,,
"390",":Concept","","","","","","","","","","","Short Responses Prompts","","","","","","","","","","","","",,,
"391",":Concept","","","","","","","","","","","Refusal Prompts","","","","","","","","","","","","",,,
"392",":Concept","","","","","","","","","","","Chain-Of-Thought Prompts","","","","","","","","","","","","",,,
"393",":Concept","","","","","","","","","","","Language Models","","","","","","","","","","","","",,,
"394",":Concept","","","","","","","","","","","Belief Representations","","","","","","","","","","","","",,,
"395",":Concept","","","","","","","","","","","Fine-Tuning","","","","","","","","","","","","",,,
"396",":Concept","","","","","","","","","","","Targeted Edits","","","","","","","","","","","","",,,
"397",":Concept","","","","","","","","","","","Model Activations","","","","","","","","","","","","",,,
"398",":Concept","","","","","","","","","","","Few-Shot","","","","","","","","","","","","",,,
"399",":Concept","","","","","","","","","","","Role-Based Techniques","","","","","","","","","","","","",,,
"400",":Concept","","","","","","","","","","","Prompt Canvas","","","","","","","","","","","","",,,
"401",":Person","","","","","","","","","","","Pupils","","","","","","","","","","","","",,,
"402",":Person","","","","","","","","","","","Students","","","","","","","","","","","","",,,
"403",":Person","","","","","","","","","","","Employees","","","","","","","","","","","","",,,
,,,,,,,,,,,,,,,,,,,,,,,,,"0","1","IMPORTANCE"
,,,,,,,,,,,,,,,,,,,,,,,,,"2","3","ANALYZES"
,,,,,,,,,,,,,,,,,,,,,,,,,"2","4","SUGGESTS"
,,,,,,,,,,,,,,,,,,,,,,,,,"4","5","REDUCE"
,,,,,,,,,,,,,,,,,,,,,,,,,"10","6","CARRIED_OUT_WITH"
,,,,,,,,,,,,,,,,,,,,,,,,,"7","4","IMPLEMENTATION_OF"
,,,,,,,,,,,,,,,,,,,,,,,,,"7","3","IMPROVE"
,,,,,,,,,,,,,,,,,,,,,,,,,"8","9","ENHANCEMENT_ON"
,,,,,,,,,,,,,,,,,,,,,,,,,"11","12","ROOTED_IN"
,,,,,,,,,,,,,,,,,,,,,,,,,"12","13","CHALLENGE"
,,,,,,,,,,,,,,,,,,,,,,,,,"16","13","IMPROVES"
,,,,,,,,,,,,,,,,,,,,,,,,,"15","14","INSPIRED_BY"
,,,,,,,,,,,,,,,,,,,,,,,,,"15","12","IMPROVES"
,,,,,,,,,,,,,,,,,,,,,,,,,"17","18","ENABLE"
,,,,,,,,,,,,,,,,,,,,,,,,,"17","12","LEVERAGE"
,,,,,,,,,,,,,,,,,,,,,,,,,"17","19","CONSTRUCT"
,,,,,,,,,,,,,,,,,,,,,,,,,"17","13","UTILIZE"
,,,,,,,,,,,,,,,,,,,,,,,,,"17","20","DEMONSTRATE"
,,,,,,,,,,,,,,,,,,,,,,,,,"21","12","IMPROVE"
,,,,,,,,,,,,,,,,,,,,,,,,,"22","21","COMPONENT"
,,,,,,,,,,,,,,,,,,,,,,,,,"23","22","COMPONENT"
,,,,,,,,,,,,,,,,,,,,,,,,,"24","25","ALLEVIATE"
,,,,,,,,,,,,,,,,,,,,,,,,,"26","24","FRAMEWORK"
,,,,,,,,,,,,,,,,,,,,,,,,,"26","27","DRIVEN_BY"
,,,,,,,,,,,,,,,,,,,,,,,,,"26","28","INTEGRATES"
,,,,,,,,,,,,,,,,,,,,,,,,,"26","29","INTEGRATES"
,,,,,,,,,,,,,,,,,,,,,,,,,"26","30","INTEGRATES"
,,,,,,,,,,,,,,,,,,,,,,,,,"26","31","ACHIEVES_COMPETITIVE_PERFORMANCE"
,,,,,,,,,,,,,,,,,,,,,,,,,"32","33","GROUNDED_IN"
,,,,,,,,,,,,,,,,,,,,,,,,,"32","34","INTRODUCE"
,,,,,,,,,,,,,,,,,,,,,,,,,"34","35","TRANSLATE"
,,,,,,,,,,,,,,,,,,,,,,,,,"34","36","TRANSLATE_INTO"
,,,,,,,,,,,,,,,,,,,,,,,,,"36","37","WITH"
,,,,,,,,,,,,,,,,,,,,,,,,,"36","38","EVALUATE_AGAINST"
,,,,,,,,,,,,,,,,,,,,,,,,,"34","39","CAPTURE"
,,,,,,,,,,,,,,,,,,,,,,,,,"40","41","INVOLVE"
,,,,,,,,,,,,,,,,,,,,,,,,,"41","42","WATCH"
,,,,,,,,,,,,,,,,,,,,,,,,,"42","43","NAVIGATE"
,,,,,,,,,,,,,,,,,,,,,,,,,"44","45","HIDDEN_IN"
,,,,,,,,,,,,,,,,,,,,,,,,,"42","46","REACH"
,,,,,,,,,,,,,,,,,,,,,,,,,"41","47","RATE"
,,,,,,,,,,,,,,,,,,,,,,,,,"34","50","CORRELATE_WITH"
,,,,,,,,,,,,,,,,,,,,,,,,,"48","50","CONTRAST_WITH"
,,,,,,,,,,,,,,,,,,,,,,,,,"49","50","CONTRAST_WITH"
,,,,,,,,,,,,,,,,,,,,,,,,,"34","51","CORRELATE_WITH"
,,,,,,,,,,,,,,,,,,,,,,,,,"34","52","CORRELATE_WITH"
,,,,,,,,,,,,,,,,,,,,,,,,,"34","53","CORRELATE_WITH"
,,,,,,,,,,,,,,,,,,,,,,,,,"34","54","CORRELATE_WITH"
,,,,,,,,,,,,,,,,,,,,,,,,,"34","55","CORRELATE_WITH"
,,,,,,,,,,,,,,,,,,,,,,,,,"56","57","PARTICIPATE_IN"
,,,,,,,,,,,,,,,,,,,,,,,,,"58","57","LACK_ABILITY"
,,,,,,,,,,,,,,,,,,,,,,,,,"59","60","INCLUDE"
,,,,,,,,,,,,,,,,,,,,,,,,,"59","61","APPLY_TO"
,,,,,,,,,,,,,,,,,,,,,,,,,"62","64","SHOW"
,,,,,,,,,,,,,,,,,,,,,,,,,"63","65","VALIDATE"
,,,,,,,,,,,,,,,,,,,,,,,,,"66","67","USE"
,,,,,,,,,,,,,,,,,,,,,,,,,"66","68","RIVAL"
,,,,,,,,,,,,,,,,,,,,,,,,,"66","69","SURPASS"
,,,,,,,,,,,,,,,,,,,,,,,,,"66","70","STRUGGLE"
,,,,,,,,,,,,,,,,,,,,,,,,,"82","71","ATTRIBUTE"
,,,,,,,,,,,,,,,,,,,,,,,,,"82","72","ATTRIBUTE"
,,,,,,,,,,,,,,,,,,,,,,,,,"73","74","INFLUENCE"
,,,,,,,,,,,,,,,,,,,,,,,,,"83","75","GROUND"
,,,,,,,,,,,,,,,,,,,,,,,,,"84","76","VARIANCE"
,,,,,,,,,,,,,,,,,,,,,,,,,"84","77","ARISE"
,,,,,,,,,,,,,,,,,,,,,,,,,"78","79","APPROACH"
,,,,,,,,,,,,,,,,,,,,,,,,,"85","80","ADOPT"
,,,,,,,,,,,,,,,,,,,,,,,,,"85","81","RESULT"
,,,,,,,,,,,,,,,,,,,,,,,,,"66","87","REPRESENT"
,,,,,,,,,,,,,,,,,,,,,,,,,"86","66","DEVELOP_METHODS_FOR"
,,,,,,,,,,,,,,,,,,,,,,,,,"87","88","SHARE_FEATURES_WITH"
,,,,,,,,,,,,,,,,,,,,,,,,,"87","89","SHARE_FEATURES_WITH"
,,,,,,,,,,,,,,,,,,,,,,,,,"87","92","CRITERIA"
,,,,,,,,,,,,,,,,,,,,,,,,,"87","93","CRITERIA"
,,,,,,,,,,,,,,,,,,,,,,,,,"87","94","CRITERIA"
,,,,,,,,,,,,,,,,,,,,,,,,,"87","95","CRITERIA"
,,,,,,,,,,,,,,,,,,,,,,,,,"90","87","INSIGHTS_FOR"
,,,,,,,,,,,,,,,,,,,,,,,,,"91","87","INSIGHTS_FOR"
,,,,,,,,,,,,,,,,,,,,,,,,,"12","56","ABILITY"
,,,,,,,,,,,,,,,,,,,,,,,,,"12","96","LACKING"
,,,,,,,,,,,,,,,,,,,,,,,,,"12","97","LACKING"
,,,,,,,,,,,,,,,,,,,,,,,,,"98","12","FORMALIZES"
,,,,,,,,,,,,,,,,,,,,,,,,,"98","100","COLLECTION"
,,,,,,,,,,,,,,,,,,,,,,,,,"99","98","GENERALIZES"
,,,,,,,,,,,,,,,,,,,,,,,,,"99","66","USES"
,,,,,,,,,,,,,,,,,,,,,,,,,"13","12","RELATED_TO"
,,,,,,,,,,,,,,,,,,,,,,,,,"101","12","OUTPERFORM_IN"
,,,,,,,,,,,,,,,,,,,,,,,,,"101","104","OUTPERFORM"
,,,,,,,,,,,,,,,,,,,,,,,,,"102","12","UNABLE_TO_SOLVE"
,,,,,,,,,,,,,,,,,,,,,,,,,"103","101","PART_OF"
,,,,,,,,,,,,,,,,,,,,,,,,,"12","105","FEATURE"
,,,,,,,,,,,,,,,,,,,,,,,,,"106","105","LIMIT"
,,,,,,,,,,,,,,,,,,,,,,,,,"12","107","INTEREST"
,,,,,,,,,,,,,,,,,,,,,,,,,"12","108","INTEREST"
,,,,,,,,,,,,,,,,,,,,,,,,,"12","109","INTEREST"
,,,,,,,,,,,,,,,,,,,,,,,,,"2","12","CONTRIBUTION"
,,,,,,,,,,,,,,,,,,,,,,,,,"110","12","USE"
,,,,,,,,,,,,,,,,,,,,,,,,,"111","105","ASSIST"
,,,,,,,,,,,,,,,,,,,,,,,,,"12","112","HALLMARK"
,,,,,,,,,,,,,,,,,,,,,,,,,"113","114","REASON_ABOUT"
,,,,,,,,,,,,,,,,,,,,,,,,,"113","115","REASON_ABOUT"
,,,,,,,,,,,,,,,,,,,,,,,,,"116","117","ADVANCE"
,,,,,,,,,,,,,,,,,,,,,,,,,"118","119","SURPASSES"
,,,,,,,,,,,,,,,,,,,,,,,,,"119","120","DESIGNED_FOR"
,,,,,,,,,,,,,,,,,,,,,,,,,"118","121","SUPPORT_FOR_PRESENCE_OF_TOM"
,,,,,,,,,,,,,,,,,,,,,,,,,"13","122","LEVERAGES"
,,,,,,,,,,,,,,,,,,,,,,,,,"122","124","CATEGORIZES"
,,,,,,,,,,,,,,,,,,,,,,,,,"124","125","INCLUDES"
,,,,,,,,,,,,,,,,,,,,,,,,,"124","126","INCLUDES"
,,,,,,,,,,,,,,,,,,,,,,,,,"124","127","INCLUDES"
,,,,,,,,,,,,,,,,,,,,,,,,,"128","129","PRESENTS"
,,,,,,,,,,,,,,,,,,,,,,,,,"129","122","ENFORCES"
,,,,,,,,,,,,,,,,,,,,,,,,,"130","131","FACE_CHALLENGES"
,,,,,,,,,,,,,,,,,,,,,,,,,"132","130","ENHANCE_PERFORMANCE"
,,,,,,,,,,,,,,,,,,,,,,,,,"133","132","MEASURED"
,,,,,,,,,,,,,,,,,,,,,,,,,"134","132","MEASURED"
,,,,,,,,,,,,,,,,,,,,,,,,,"138","133","TRAINED_WITH"
,,,,,,,,,,,,,,,,,,,,,,,,,"138","136","TRAINED_WITH"
,,,,,,,,,,,,,,,,,,,,,,,,,"138","137","TRAINED_WITH"
,,,,,,,,,,,,,,,,,,,,,,,,,"138","135","NOT_TRAINED_WITH"
,,,,,,,,,,,,,,,,,,,,,,,,,"130","132","IMPROVE_COMPREHENSION"
,,,,,,,,,,,,,,,,,,,,,,,,,"130","132","ENHANCE_REASONING"
,,,,,,,,,,,,,,,,,,,,,,,,,"130","132","CONTEXT-DEPENDENT"
,,,,,,,,,,,,,,,,,,,,,,,,,"12","56","ENDOWS"
,,,,,,,,,,,,,,,,,,,,,,,,,"56","140","ATTRIBUTE"
,,,,,,,,,,,,,,,,,,,,,,,,,"56","141","INFER"
,,,,,,,,,,,,,,,,,,,,,,,,,"56","114","INFER"
,,,,,,,,,,,,,,,,,,,,,,,,,"56","115","INFER"
,,,,,,,,,,,,,,,,,,,,,,,,,"56","142","OBSERVE"
,,,,,,,,,,,,,,,,,,,,,,,,,"56","143","FACILITATE"
,,,,,,,,,,,,,,,,,,,,,,,,,"56","144","FACILITATE"
,,,,,,,,,,,,,,,,,,,,,,,,,"145","12","INVESTIGATED_WITH"
,,,,,,,,,,,,,,,,,,,,,,,,,"146","147","COLLABORATES_WITH"
,,,,,,,,,,,,,,,,,,,,,,,,,"146","148","COLLABORATES_WITH"
,,,,,,,,,,,,,,,,,,,,,,,,,"146","149","AGAINST"
,,,,,,,,,,,,,,,,,,,,,,,,,"148","150","FOCUS_ON"
,,,,,,,,,,,,,,,,,,,,,,,,,"148","151","RESORT_TO"
,,,,,,,,,,,,,,,,,,,,,,,,,"151","152","THREAT_TO"
,,,,,,,,,,,,,,,,,,,,,,,,,"147","148","TRUST_IN"
,,,,,,,,,,,,,,,,,,,,,,,,,"148","154","EXHIBIT"
,,,,,,,,,,,,,,,,,,,,,,,,,"155","156","INFER"
,,,,,,,,,,,,,,,,,,,,,,,,,"156","157","INCLUDE"
,,,,,,,,,,,,,,,,,,,,,,,,,"156","158","INCLUDE"
,,,,,,,,,,,,,,,,,,,,,,,,,"159","156","BASED_ON"
,,,,,,,,,,,,,,,,,,,,,,,,,"159","160","GUIDE"
,,,,,,,,,,,,,,,,,,,,,,,,,"160","161","AVOID_COLLAPSE_OF"
,,,,,,,,,,,,,,,,,,,,,,,,,"160","151","AVOID"
,,,,,,,,,,,,,,,,,,,,,,,,,"163","161","IMPORTANT_FOR"
,,,,,,,,,,,,,,,,,,,,,,,,,"163","162","EFFECTIVE_IN"
,,,,,,,,,,,,,,,,,,,,,,,,,"164","165","USES"
,,,,,,,,,,,,,,,,,,,,,,,,,"164","166","INCLUDES"
,,,,,,,,,,,,,,,,,,,,,,,,,"164","167","INSPIRED_BY"
,,,,,,,,,,,,,,,,,,,,,,,,,"164","168","INSPIRED_BY"
,,,,,,,,,,,,,,,,,,,,,,,,,"164","169","EVALUATED_ON"
,,,,,,,,,,,,,,,,,,,,,,,,,"164","170","EVALUATED_ON"
,,,,,,,,,,,,,,,,,,,,,,,,,"171","12","ENHANCES"
,,,,,,,,,,,,,,,,,,,,,,,,,"171","172","DEMONSTRATES_PERFORMANCE_ON"
,,,,,,,,,,,,,,,,,,,,,,,,,"173","184","SEEK"
,,,,,,,,,,,,,,,,,,,,,,,,,"174","184","SEEK"
,,,,,,,,,,,,,,,,,,,,,,,,,"175","184","SEEK"
,,,,,,,,,,,,,,,,,,,,,,,,,"176","185","IS"
,,,,,,,,,,,,,,,,,,,,,,,,,"177","186","PACKED_WITH"
,,,,,,,,,,,,,,,,,,,,,,,,,"178","187","DEEMED_TO_BE"
,,,,,,,,,,,,,,,,,,,,,,,,,"179","188","DISSEMINATE"
,,,,,,,,,,,,,,,,,,,,,,,,,"180","182","MANIPULATE"
,,,,,,,,,,,,,,,,,,,,,,,,,"181","189","PREVENT"
,,,,,,,,,,,,,,,,,,,,,,,,,"182","190","CAUSE"
,,,,,,,,,,,,,,,,,,,,,,,,,"183","191","PERPETRATE"
,,,,,,,,,,,,,,,,,,,,,,,,,"12","192","ENHANCE"
,,,,,,,,,,,,,,,,,,,,,,,,,"193","194","EXPLORE"
,,,,,,,,,,,,,,,,,,,,,,,,,"193","195","ASSESS"
,,,,,,,,,,,,,,,,,,,,,,,,,"193","196","ENHANCE"
,,,,,,,,,,,,,,,,,,,,,,,,,"197","196","UNDERPERFORM"
,,,,,,,,,,,,,,,,,,,,,,,,,"13","12","EXHIBIT"
,,,,,,,,,,,,,,,,,,,,,,,,,"12","198","RELATED_TO"
,,,,,,,,,,,,,,,,,,,,,,,,,"206","199","DERIVE_FROM"
,,,,,,,,,,,,,,,,,,,,,,,,,"200","201","EXHIBIT"
,,,,,,,,,,,,,,,,,,,,,,,,,"200","202","CORRELATED_WITH"
,,,,,,,,,,,,,,,,,,,,,,,,,"200","203","DEPENDENT_ON"
,,,,,,,,,,,,,,,,,,,,,,,,,"207","204","PRESENT_AT"
,,,,,,,,,,,,,,,,,,,,,,,,,"13","205","PARALLEL_WITH"
,,,,,,,,,,,,,,,,,,,,,,,,,"179","13","INTEGRATION"
,,,,,,,,,,,,,,,,,,,,,,,,,"179","208","INTEGRATION"
,,,,,,,,,,,,,,,,,,,,,,,,,"209","212","USES"
,,,,,,,,,,,,,,,,,,,,,,,,,"209","213","INSPIRED_BY"
,,,,,,,,,,,,,,,,,,,,,,,,,"209","214","INSPIRED_BY"
,,,,,,,,,,,,,,,,,,,,,,,,,"209","215","INSPIRED_BY"
,,,,,,,,,,,,,,,,,,,,,,,,,"210","216","MOTIVATED_BY"
,,,,,,,,,,,,,,,,,,,,,,,,,"210","217","MOTIVATED_BY"
,,,,,,,,,,,,,,,,,,,,,,,,,"211","218","INSPIRED_BY"
,,,,,,,,,,,,,,,,,,,,,,,,,"219","167","HAS"
,,,,,,,,,,,,,,,,,,,,,,,,,"167","220","INFERS"
,,,,,,,,,,,,,,,,,,,,,,,,,"220","221","EXHIBITED_DURING"
,,,,,,,,,,,,,,,,,,,,,,,,,"222","223","IMPORTANT_FOR"
,,,,,,,,,,,,,,,,,,,,,,,,,"224","225","COMBINED_WITH"
,,,,,,,,,,,,,,,,,,,,,,,,,"224","226","ENHANCES_COLLABORATION_WITH"
,,,,,,,,,,,,,,,,,,,,,,,,,"227","226","PROHIBITED_IN"
,,,,,,,,,,,,,,,,,,,,,,,,,"228","229","ASSESSES"
,,,,,,,,,,,,,,,,,,,,,,,,,"228","230","PREDICTS"
,,,,,,,,,,,,,,,,,,,,,,,,,"228","231","IN"
,,,,,,,,,,,,,,,,,,,,,,,,,"228","232","EVALUATED_WITH"
,,,,,,,,,,,,,,,,,,,,,,,,,"233","234","AFFECTS"
,,,,,,,,,,,,,,,,,,,,,,,,,"225","234","AFFECTS"
,,,,,,,,,,,,,,,,,,,,,,,,,"12","237","ROLE"
,,,,,,,,,,,,,,,,,,,,,,,,,"12","238","ROLE"
,,,,,,,,,,,,,,,,,,,,,,,,,"12","239","ROLE"
,,,,,,,,,,,,,,,,,,,,,,,,,"235","12","BENCHMARK"
,,,,,,,,,,,,,,,,,,,,,,,,,"13","240","PERFORMANCE"
,,,,,,,,,,,,,,,,,,,,,,,,,"13","241","ANALYSIS"
,,,,,,,,,,,,,,,,,,,,,,,,,"242","236","IMPLICATIONS"
,,,,,,,,,,,,,,,,,,,,,,,,,"243","12","NECESSITATES"
,,,,,,,,,,,,,,,,,,,,,,,,,"12","245","TRAIN"
,,,,,,,,,,,,,,,,,,,,,,,,,"244","245","TRAIN"
,,,,,,,,,,,,,,,,,,,,,,,,,"245","247","EQUIP"
,,,,,,,,,,,,,,,,,,,,,,,,,"245","248","EQUIP"
,,,,,,,,,,,,,,,,,,,,,,,,,"247","245","ENABLE"
,,,,,,,,,,,,,,,,,,,,,,,,,"246","12","MODEL"
,,,,,,,,,,,,,,,,,,,,,,,,,"249","12","DEMONSTRATE"
,,,,,,,,,,,,,,,,,,,,,,,,,"250","251","MOTIVATION"
,,,,,,,,,,,,,,,,,,,,,,,,,"250","252","USE"
,,,,,,,,,,,,,,,,,,,,,,,,,"250","253","EMBEDDED_IN"
,,,,,,,,,,,,,,,,,,,,,,,,,"250","254","EXPLORE"
,,,,,,,,,,,,,,,,,,,,,,,,,"250","255","FOCUS"
,,,,,,,,,,,,,,,,,,,,,,,,,"250","256","FOCUS"
,,,,,,,,,,,,,,,,,,,,,,,,,"257","258","ADD_RIGOR_TO"
,,,,,,,,,,,,,,,,,,,,,,,,,"250","259","STUDY"
,,,,,,,,,,,,,,,,,,,,,,,,,"260","261","DESCRIBE"
,,,,,,,,,,,,,,,,,,,,,,,,,"260","262","DESCRIBE"
,,,,,,,,,,,,,,,,,,,,,,,,,"263","265","PRESERVE"
,,,,,,,,,,,,,,,,,,,,,,,,,"264","265","PRESERVE"
,,,,,,,,,,,,,,,,,,,,,,,,,"250","254","ADVANTAGE"
,,,,,,,,,,,,,,,,,,,,,,,,,"78","266","AUGMENTS"
,,,,,,,,,,,,,,,,,,,,,,,,,"267","268","KNOWN_AS"
,,,,,,,,,,,,,,,,,,,,,,,,,"78","269","STUDIED_IN"
,,,,,,,,,,,,,,,,,,,,,,,,,"78","270","STUDIED_IN"
,,,,,,,,,,,,,,,,,,,,,,,,,"78","271","SURVEYS"
,,,,,,,,,,,,,,,,,,,,,,,,,"78","272","SURVEYS"
,,,,,,,,,,,,,,,,,,,,,,,,,"78","273","SURVEYS"
,,,,,,,,,,,,,,,,,,,,,,,,,"271","274","EXAMPLE_OF"
,,,,,,,,,,,,,,,,,,,,,,,,,"272","275","EXAMPLE_OF"
,,,,,,,,,,,,,,,,,,,,,,,,,"273","276","EXAMPLE_OF"
,,,,,,,,,,,,,,,,,,,,,,,,,"277","13","GUIDE"
,,,,,,,,,,,,,,,,,,,,,,,,,"278","277","AIM"
,,,,,,,,,,,,,,,,,,,,,,,,,"279","278","PROPOSE"
,,,,,,,,,,,,,,,,,,,,,,,,,"280","268","EXPRESS"
,,,,,,,,,,,,,,,,,,,,,,,,,"281","268","UTILIZE"
,,,,,,,,,,,,,,,,,,,,,,,,,"282","279","ADOPT"
,,,,,,,,,,,,,,,,,,,,,,,,,"282","283","COMPUTE"
,,,,,,,,,,,,,,,,,,,,,,,,,"282","284","OUTPERFORM"
,,,,,,,,,,,,,,,,,,,,,,,,,"278","285","DEPLOY"
,,,,,,,,,,,,,,,,,,,,,,,,,"286","13","DEFENDS"
,,,,,,,,,,,,,,,,,,,,,,,,,"13","287","POSSESS"
,,,,,,,,,,,,,,,,,,,,,,,,,"13","114","POSSESS"
,,,,,,,,,,,,,,,,,,,,,,,,,"13","141","POSSESS"
,,,,,,,,,,,,,,,,,,,,,,,,,"13","288","POSSESS"
,,,,,,,,,,,,,,,,,,,,,,,,,"13","115","POSSESS"
,,,,,,,,,,,,,,,,,,,,,,,,,"289","298","CONNECT"
,,,,,,,,,,,,,,,,,,,,,,,,,"290","288","IMPLIES"
,,,,,,,,,,,,,,,,,,,,,,,,,"288","114","IMPLIES"
,,,,,,,,,,,,,,,,,,,,,,,,,"299","115","IMPLIES"
,,,,,,,,,,,,,,,,,,,,,,,,,"291","300","DO_NOT_PRECLUDE"
,,,,,,,,,,,,,,,,,,,,,,,,,"292","293","ARGUE_AGAINST_LACKING_CONDITIONS"
,,,,,,,,,,,,,,,,,,,,,,,,,"293","294","COMPARE_TO"
,,,,,,,,,,,,,,,,,,,,,,,,,"13","295","EXCLUDE"
,,,,,,,,,,,,,,,,,,,,,,,,,"13","296","POSSESS"
,,,,,,,,,,,,,,,,,,,,,,,,,"296","297","BEYOND"
,,,,,,,,,,,,,,,,,,,,,,,,,"301","71","CARRIED_OUT_VIA"
,,,,,,,,,,,,,,,,,,,,,,,,,"302","303","DEFINED_AS"
,,,,,,,,,,,,,,,,,,,,,,,,,"303","118","DESIGNED_TO_ELICIT_BEHAVIOR_FROM"
,,,,,,,,,,,,,,,,,,,,,,,,,"315","304","ENABLE_INTERACTION_WITH"
,,,,,,,,,,,,,,,,,,,,,,,,,"306","305","REQUIRED_FOR"
,,,,,,,,,,,,,,,,,,,,,,,,,"307","308","REQUIRES"
,,,,,,,,,,,,,,,,,,,,,,,,,"307","309","REQUIRES"
,,,,,,,,,,,,,,,,,,,,,,,,,"309","310","DETERMINES"
,,,,,,,,,,,,,,,,,,,,,,,,,"309","311","GUIDES_TO_ACCOMPLISH"
,,,,,,,,,,,,,,,,,,,,,,,,,"25","309","PROVIDES_INSIGHT_INTO"
,,,,,,,,,,,,,,,,,,,,,,,,,"78","312","UNDERSTOOD_BY_ANALYZING"
,,,,,,,,,,,,,,,,,,,,,,,,,"78","313","DISCUSS"
,,,,,,,,,,,,,,,,,,,,,,,,,"78","314","DISCUSS"
,,,,,,,,,,,,,,,,,,,,,,,,,"28","13","LIMITED_IN"
,,,,,,,,,,,,,,,,,,,,,,,,,"316","28","IMPROVE"
,,,,,,,,,,,,,,,,,,,,,,,,,"317","316","PROPOSE"
,,,,,,,,,,,,,,,,,,,,,,,,,"317","318","LEVERAGE"
,,,,,,,,,,,,,,,,,,,,,,,,,"317","319","LEVERAGE"
,,,,,,,,,,,,,,,,,,,,,,,,,"317","87","INFER"
,,,,,,,,,,,,,,,,,,,,,,,,,"317","320","HANDLE"
,,,,,,,,,,,,,,,,,,,,,,,,,"317","321","HANDLE"
,,,,,,,,,,,,,,,,,,,,,,,,,"321","322","INCLUDE"
,,,,,,,,,,,,,,,,,,,,,,,,,"317","323","ASSOCIATED_WITH"
,,,,,,,,,,,,,,,,,,,,,,,,,"324","114","TALK_ABOUT"
,,,,,,,,,,,,,,,,,,,,,,,,,"325","114","GROUNDING_SEMANTICS"
,,,,,,,,,,,,,,,,,,,,,,,,,"326","114","EVALUATE_STATEMENTS"
,,,,,,,,,,,,,,,,,,,,,,,,,"324","327","ATTRIBUTE_GOALS_AND_BELIEFS"
,,,,,,,,,,,,,,,,,,,,,,,,,"328","327","REQUIRES"
,,,,,,,,,,,,,,,,,,,,,,,,,"329","114","CONTRAST"
,,,,,,,,,,,,,,,,,,,,,,,,,"330","114","CONTRAST"
,,,,,,,,,,,,,,,,,,,,,,,,,"130","332","EMPHASIZES"
,,,,,,,,,,,,,,,,,,,,,,,,,"331","332","EMPHASIZES"
,,,,,,,,,,,,,,,,,,,,,,,,,"333","334","INVESTS_IN"
,,,,,,,,,,,,,,,,,,,,,,,,,"333","335","INVESTS_IN"
,,,,,,,,,,,,,,,,,,,,,,,,,"336","337","CONTAINS"
,,,,,,,,,,,,,,,,,,,,,,,,,"336","338","CONTAINS"
,,,,,,,,,,,,,,,,,,,,,,,,,"337","339","DISTINGUISHES"
,,,,,,,,,,,,,,,,,,,,,,,,,"337","340","DISTINGUISHES"
,,,,,,,,,,,,,,,,,,,,,,,,,"337","341","DISTINGUISHES"
,,,,,,,,,,,,,,,,,,,,,,,,,"342","343","CREATES"
,,,,,,,,,,,,,,,,,,,,,,,,,"343","344","INVOLVES"
,,,,,,,,,,,,,,,,,,,,,,,,,"343","345","INVOLVES"
,,,,,,,,,,,,,,,,,,,,,,,,,"343","346","INCREASES"
,,,,,,,,,,,,,,,,,,,,,,,,,"148","353","PROVIDES"
,,,,,,,,,,,,,,,,,,,,,,,,,"353","347","AFFECTS"
,,,,,,,,,,,,,,,,,,,,,,,,,"351","348","USES"
,,,,,,,,,,,,,,,,,,,,,,,,,"348","349","MODELS"
,,,,,,,,,,,,,,,,,,,,,,,,,"351","350","EASES"
,,,,,,,,,,,,,,,,,,,,,,,,,"351","352","IMPROVES"
,,,,,,,,,,,,,,,,,,,,,,,,,"56","354","POSSESS"
,,,,,,,,,,,,,,,,,,,,,,,,,"354","357","CONVEY_INFORMATION_TO"
,,,,,,,,,,,,,,,,,,,,,,,,,"2","356","INCORPORATE"
,,,,,,,,,,,,,,,,,,,,,,,,,"356","357","MODEL_AND_INFER_MENTAL_STATES"
,,,,,,,,,,,,,,,,,,,,,,,,,"255","357","CONSIDER_BELIEF_OF"
,,,,,,,,,,,,,,,,,,,,,,,,,"358","359","DIFFER_FROM"
,,,,,,,,,,,,,,,,,,,,,,,,,"360","358","TRACK_AND_PREDICT"
,,,,,,,,,,,,,,,,,,,,,,,,,"361","362","TRANSCEND_CLASSIC_KEYFRAME"
,,,,,,,,,,,,,,,,,,,,,,,,,"78","13","CONTRIBUTES_TO"
,,,,,,,,,,,,,,,,,,,,,,,,,"377","363","DEPENDS_ON"
,,,,,,,,,,,,,,,,,,,,,,,,,"364","378","SUPPORTS"
,,,,,,,,,,,,,,,,,,,,,,,,,"364","365","REQUIRES"
,,,,,,,,,,,,,,,,,,,,,,,,,"366","78","BRIDGES"
,,,,,,,,,,,,,,,,,,,,,,,,,"366","364","BRIDGES"
,,,,,,,,,,,,,,,,,,,,,,,,,"366","367","INCLUDES"
,,,,,,,,,,,,,,,,,,,,,,,,,"366","368","PRESENTS"
,,,,,,,,,,,,,,,,,,,,,,,,,"366","369","PRESENTS"
,,,,,,,,,,,,,,,,,,,,,,,,,"366","370","PRESENTS"
,,,,,,,,,,,,,,,,,,,,,,,,,"366","371","PRESENTS"
,,,,,,,,,,,,,,,,,,,,,,,,,"366","372","PRESENTS"
,,,,,,,,,,,,,,,,,,,,,,,,,"372","373","DERIVED_FROM"
,,,,,,,,,,,,,,,,,,,,,,,,,"366","374","ASSISTS"
,,,,,,,,,,,,,,,,,,,,,,,,,"366","375","ENABLES_STUDY_OF"
,,,,,,,,,,,,,,,,,,,,,,,,,"366","376","ENHANCES"
,,,,,,,,,,,,,,,,,,,,,,,,,"56","12","DEVELOP"
,,,,,,,,,,,,,,,,,,,,,,,,,"379","12","UNDERPERFORM"
,,,,,,,,,,,,,,,,,,,,,,,,,"380","379","EVALUATE"
,,,,,,,,,,,,,,,,,,,,,,,,,"381","379","EVALUATE"
,,,,,,,,,,,,,,,,,,,,,,,,,"382","379","ENHANCE"
,,,,,,,,,,,,,,,,,,,,,,,,,"13","383","ASSOCIATED_WITH"
,,,,,,,,,,,,,,,,,,,,,,,,,"13","384","ASSOCIATED_WITH"
,,,,,,,,,,,,,,,,,,,,,,,,,"385","389","ENABLES"
,,,,,,,,,,,,,,,,,,,,,,,,,"385","386","UTILIZES"
,,,,,,,,,,,,,,,,,,,,,,,,,"385","387","INVOLVES"
,,,,,,,,,,,,,,,,,,,,,,,,,"385","388","ADJUSTS"
,,,,,,,,,,,,,,,,,,,,,,,,,"385","10","VALIDATED_BY"
,,,,,,,,,,,,,,,,,,,,,,,,,"385","390","CONTROLS"
,,,,,,,,,,,,,,,,,,,,,,,,,"385","391","CONTROLS"
,,,,,,,,,,,,,,,,,,,,,,,,,"385","392","CONTROLS"
,,,,,,,,,,,,,,,,,,,,,,,,,"12","393","EVALUATION"
,,,,,,,,,,,,,,,,,,,,,,,,,"393","140","REPRESENTATION"
,,,,,,,,,,,,,,,,,,,,,,,,,"394","393","INVESTIGATION"
,,,,,,,,,,,,,,,,,,,,,,,,,"203","394","IMPROVEMENT"
,,,,,,,,,,,,,,,,,,,,,,,,,"395","394","IMPROVEMENT"
,,,,,,,,,,,,,,,,,,,,,,,,,"368","394","BRITTLENESS"
,,,,,,,,,,,,,,,,,,,,,,,,,"396","397","CORRECTION"
,,,,,,,,,,,,,,,,,,,,,,,,,"13","78","HIGHLIGHTS"
,,,,,,,,,,,,,,,,,,,,,,,,,"78","398","INCLUDES"
,,,,,,,,,,,,,,,,,,,,,,,,,"78","16","INCLUDES"
,,,,,,,,,,,,,,,,,,,,,,,,,"78","399","INCLUDES"
,,,,,,,,,,,,,,,,,,,,,,,,,"400","78","FRAMEWORK_FOR"
,,,,,,,,,,,,,,,,,,,,,,,,,"400","401","DESIGNED_FOR"
,,,,,,,,,,,,,,,,,,,,,,,,,"400","402","DESIGNED_FOR"
,,,,,,,,,,,,,,,,,,,,,,,,,"400","403","DESIGNED_FOR"
